0x07100002,EBC01,Tower6
0x07100003,EBC02,Tower6
0x07100302,EBC03,Tower6
0x07100303,EBC04,Tower6
0x07100402,EBC05,Tower6
0x07100403,EBC06,Tower6
0x07100702,EBC07,Tower6
0x07100703,EBC08,Tower6
0x07100802,EBC09,Tower6
0x07100803,EBC10,Tower6
0x07100b02,EBC11,Tower6
0x07100b03,EBC12,Tower6
0x07100c02,EBC13,Tower6
0x07100c03,EBC14,Tower6
0x07100f02,EBC15,Tower6
0x07100f03,EBC16,Tower6
0x07140002,EBC17,Tower6
0x07140003,EBC18,Tower6
0x07140302,EBC19,Tower6
0x07140303,EBC20,Tower6
0x07140402,EBC21,Tower6
0x07140403,EBC22,Tower6
0x07140702,EBC23,Tower6
0x07140703,EBC24,Tower6
0x07140802,EBC25,Tower6
0x07140803,EBC26,Tower6
0x07140b02,EBC27,Tower6
0x07140b03,EBC28,Tower6
0x07140c02,EBC29,Tower6
0x07140c03,EBC30,Tower6
0x07140f02,EBC31,Tower6
0x07140f03,EBC32,Tower6
0x07180002,EBC33,Tower6
0x07180003,EBC34,Tower6
0x07180302,EBC35,Tower6
0x07180303,EBC36,Tower6
0x07180402,EBC37,Tower6
0x07180403,EBC38,Tower6
0x07180702,EBC39,Tower6
0x07180703,EBC40,Tower6
0x07180802,EBC41,Tower6
0x07180803,EBC42,Tower6
0x07180b02,EBC43,Tower6
0x07180b03,EBC44,Tower6
0x07180c02,EBC45,Tower6
0x07180c03,EBC46,Tower6
0x07180f02,EBC47,Tower6
0x07180f03,EBC48,Tower6
0x071c0002,EBC49,Tower6
0x071c0003,EBC50,Tower6
0x071c0302,EBC51,Tower6
0x071c0303,EBC52,Tower6
0x071c0402,EBC53,Tower6
0x071c0403,EBC54,Tower6
0x071c0702,EBC55,Tower6
0x071c0703,EBC56,Tower6
0x071c0802,EBC57,Tower6
0x071c0803,EBC58,Tower6
0x071c0b02,EBC59,Tower6
0x071c0b03,EBC60,Tower6
0x071c0c02,EBC61,Tower6
0x071c0c03,EBC62,Tower6
0x071c0f02,EBC63,Tower6
0x071c0f03,EBC64,Tower6
0x07100100,EBC01,Tower5
0x07100101,EBC02,Tower5
0x07100200,EBC03,Tower5
0x07100201,EBC04,Tower5
0x07100500,EBC05,Tower5
0x07100501,EBC06,Tower5
0x07100600,EBC07,Tower5
0x07100601,EBC08,Tower5
0x07100900,EBC09,Tower5
0x07100901,EBC10,Tower5
0x07100a00,EBC11,Tower5
0x07100a01,EBC12,Tower5
0x07100d00,EBC13,Tower5
0x07100d01,EBC14,Tower5
0x07100e00,EBC15,Tower5
0x07100e01,EBC16,Tower5
0x07140100,EBC17,Tower5
0x07140101,EBC18,Tower5
0x07140200,EBC19,Tower5
0x07140201,EBC20,Tower5
0x07140500,EBC21,Tower5
0x07140501,EBC22,Tower5
0x07140600,EBC23,Tower5
0x07140601,EBC24,Tower5
0x07140900,EBC25,Tower5
0x07140901,EBC26,Tower5
0x07140a00,EBC27,Tower5
0x07140a01,EBC28,Tower5
0x07140d00,EBC29,Tower5
0x07140d01,EBC30,Tower5
0x07140e00,EBC31,Tower5
0x07140e01,EBC32,Tower5
0x07180100,EBC33,Tower5
0x07180101,EBC34,Tower5
0x07180200,EBC35,Tower5
0x07180201,EBC36,Tower5
0x07180500,EBC37,Tower5
0x07180501,EBC38,Tower5
0x07180600,EBC39,Tower5
0x07180601,EBC40,Tower5
0x07180900,EBC41,Tower5
0x07180901,EBC42,Tower5
0x07180a00,EBC43,Tower5
0x07180a01,EBC44,Tower5
0x07180d00,EBC45,Tower5
0x07180d01,EBC46,Tower5
0x07180e00,EBC47,Tower5
0x07180e01,EBC48,Tower5
0x071c0100,EBC49,Tower5
0x071c0101,EBC50,Tower5
0x071c0200,EBC51,Tower5
0x071c0201,EBC52,Tower5
0x071c0500,EBC53,Tower5
0x071c0501,EBC54,Tower5
0x071c0600,EBC55,Tower5
0x071c0601,EBC56,Tower5
0x071c0900,EBC57,Tower5
0x071c0901,EBC58,Tower5
0x071c0a00,EBC59,Tower5
0x071c0a01,EBC60,Tower5
0x071c0d00,EBC61,Tower5
0x071c0d01,EBC62,Tower5
0x071c0e00,EBC63,Tower5
0x071c0e01,EBC64,Tower5
0x07100102,EBC01,Tower4
0x07100103,EBC02,Tower4
0x07100202,EBC03,Tower4
0x07100203,EBC04,Tower4
0x07100502,EBC05,Tower4
0x07100503,EBC06,Tower4
0x07100602,EBC07,Tower4
0x07100603,EBC08,Tower4
0x07100902,EBC09,Tower4
0x07100903,EBC10,Tower4
0x07100a02,EBC11,Tower4
0x07100a03,EBC12,Tower4
0x07100d02,EBC13,Tower4
0x07100d03,EBC14,Tower4
0x07100e02,EBC15,Tower4
0x07100e03,EBC16,Tower4
0x07140102,EBC17,Tower4
0x07140103,EBC18,Tower4
0x07140202,EBC19,Tower4
0x07140203,EBC20,Tower4
0x07140502,EBC21,Tower4
0x07140503,EBC22,Tower4
0x07140602,EBC23,Tower4
0x07140603,EBC24,Tower4
0x07140902,EBC25,Tower4
0x07140903,EBC26,Tower4
0x07140a02,EBC27,Tower4
0x07140a03,EBC28,Tower4
0x07140d02,EBC29,Tower4
0x07140d03,EBC30,Tower4
0x07140e02,EBC31,Tower4
0x07140e03,EBC32,Tower4
0x07180102,EBC33,Tower4
0x07180103,EBC34,Tower4
0x07180202,EBC35,Tower4
0x07180203,EBC36,Tower4
0x07180502,EBC37,Tower4
0x07180503,EBC38,Tower4
0x07180602,EBC39,Tower4
0x07180603,EBC40,Tower4
0x07180902,EBC41,Tower4
0x07180903,EBC42,Tower4
0x07180a02,EBC43,Tower4
0x07180a03,EBC44,Tower4
0x07180d02,EBC45,Tower4
0x07180d03,EBC46,Tower4
0x07180e02,EBC47,Tower4
0x07180e03,EBC48,Tower4
0x071c0102,EBC49,Tower4
0x071c0103,EBC50,Tower4
0x071c0202,EBC51,Tower4
0x071c0203,EBC52,Tower4
0x071c0502,EBC53,Tower4
0x071c0503,EBC54,Tower4
0x071c0602,EBC55,Tower4
0x071c0603,EBC56,Tower4
0x071c0902,EBC57,Tower4
0x071c0903,EBC58,Tower4
0x071c0a02,EBC59,Tower4
0x071c0a03,EBC60,Tower4
0x071c0d02,EBC61,Tower4
0x071c0d03,EBC62,Tower4
0x071c0e02,EBC63,Tower4
0x071c0e03,EBC64,Tower4
0x07110000,EBC01,Tower3
0x07110001,EBC02,Tower3
0x07110300,EBC03,Tower3
0x07110301,EBC04,Tower3
0x07110400,EBC05,Tower3
0x07110401,EBC06,Tower3
0x07110700,EBC07,Tower3
0x07110701,EBC08,Tower3
0x07110800,EBC09,Tower3
0x07110801,EBC10,Tower3
0x07110b00,EBC11,Tower3
0x07110b01,EBC12,Tower3
0x07110c00,EBC13,Tower3
0x07110c01,EBC14,Tower3
0x07110f00,EBC15,Tower3
0x07110f01,EBC16,Tower3
0x07150000,EBC17,Tower3
0x07150001,EBC18,Tower3
0x07150300,EBC19,Tower3
0x07150301,EBC20,Tower3
0x07150400,EBC21,Tower3
0x07150401,EBC22,Tower3
0x07150700,EBC23,Tower3
0x07150701,EBC24,Tower3
0x07150800,EBC25,Tower3
0x07150801,EBC26,Tower3
0x07150b00,EBC27,Tower3
0x07150b01,EBC28,Tower3
0x07150c00,EBC29,Tower3
0x07150c01,EBC30,Tower3
0x07150f00,EBC31,Tower3
0x07150f01,EBC32,Tower3
0x07190000,EBC33,Tower3
0x07190001,EBC34,Tower3
0x07190300,EBC35,Tower3
0x07190301,EBC36,Tower3
0x07190400,EBC37,Tower3
0x07190401,EBC38,Tower3
0x07190700,EBC39,Tower3
0x07190701,EBC40,Tower3
0x07190800,EBC41,Tower3
0x07190801,EBC42,Tower3
0x07190b00,EBC43,Tower3
0x07190b01,EBC44,Tower3
0x07190c00,EBC45,Tower3
0x07190c01,EBC46,Tower3
0x07190f00,EBC47,Tower3
0x07190f01,EBC48,Tower3
0x071d0000,EBC49,Tower3
0x071d0001,EBC50,Tower3
0x071d0300,EBC51,Tower3
0x071d0301,EBC52,Tower3
0x071d0400,EBC53,Tower3
0x071d0401,EBC54,Tower3
0x071d0700,EBC55,Tower3
0x071d0701,EBC56,Tower3
0x071d0800,EBC57,Tower3
0x071d0801,EBC58,Tower3
0x071d0b00,EBC59,Tower3
0x071d0b01,EBC60,Tower3
0x071d0c00,EBC61,Tower3
0x071d0c01,EBC62,Tower3
0x071d0f00,EBC63,Tower3
0x071d0f01,EBC64,Tower3
0x07110002,EBC01,Tower2
0x07110003,EBC02,Tower2
0x07110302,EBC03,Tower2
0x07110303,EBC04,Tower2
0x07110402,EBC05,Tower2
0x07110403,EBC06,Tower2
0x07110702,EBC07,Tower2
0x07110703,EBC08,Tower2
0x07110802,EBC09,Tower2
0x07110803,EBC10,Tower2
0x07110b02,EBC11,Tower2
0x07110b03,EBC12,Tower2
0x07110c02,EBC13,Tower2
0x07110c03,EBC14,Tower2
0x07110f02,EBC15,Tower2
0x07110f03,EBC16,Tower2
0x07150002,EBC17,Tower2
0x07150003,EBC18,Tower2
0x07150302,EBC19,Tower2
0x07150303,EBC20,Tower2
0x07150402,EBC21,Tower2
0x07150403,EBC22,Tower2
0x07150702,EBC23,Tower2
0x07150703,EBC24,Tower2
0x07150802,EBC25,Tower2
0x07150803,EBC26,Tower2
0x07150b02,EBC27,Tower2
0x07150b03,EBC28,Tower2
0x07150c02,EBC29,Tower2
0x07150c03,EBC30,Tower2
0x07150f02,EBC31,Tower2
0x07150f03,EBC32,Tower2
0x07190002,EBC33,Tower2
0x07190003,EBC34,Tower2
0x07190302,EBC35,Tower2
0x07190303,EBC36,Tower2
0x07190402,EBC37,Tower2
0x07190403,EBC38,Tower2
0x07190702,EBC39,Tower2
0x07190703,EBC40,Tower2
0x07190802,EBC41,Tower2
0x07190803,EBC42,Tower2
0x07190b02,EBC43,Tower2
0x07190b03,EBC44,Tower2
0x07190c02,EBC45,Tower2
0x07190c03,EBC46,Tower2
0x07190f02,EBC47,Tower2
0x07190f03,EBC48,Tower2
0x071d0002,EBC49,Tower2
0x071d0003,EBC50,Tower2
0x071d0302,EBC51,Tower2
0x071d0303,EBC52,Tower2
0x071d0402,EBC53,Tower2
0x071d0403,EBC54,Tower2
0x071d0702,EBC55,Tower2
0x071d0703,EBC56,Tower2
0x071d0802,EBC57,Tower2
0x071d0803,EBC58,Tower2
0x071d0b02,EBC59,Tower2
0x071d0b03,EBC60,Tower2
0x071d0c02,EBC61,Tower2
0x071d0c03,EBC62,Tower2
0x071d0f02,EBC63,Tower2
0x071d0f03,EBC64,Tower2
0x07110100,EBC01,Tower1
0x07110101,EBC02,Tower1
0x07110200,EBC03,Tower1
0x07110201,EBC04,Tower1
0x07110500,EBC05,Tower1
0x07110501,EBC06,Tower1
0x07110600,EBC07,Tower1
0x07110601,EBC08,Tower1
0x07110900,EBC09,Tower1
0x07110901,EBC10,Tower1
0x07110a00,EBC11,Tower1
0x07110a01,EBC12,Tower1
0x07110d00,EBC13,Tower1
0x07110d01,EBC14,Tower1
0x07110e00,EBC15,Tower1
0x07110e01,EBC16,Tower1
0x07150100,EBC17,Tower1
0x07150101,EBC18,Tower1
0x07150200,EBC19,Tower1
0x07150201,EBC20,Tower1
0x07150500,EBC21,Tower1
0x07150501,EBC22,Tower1
0x07150600,EBC23,Tower1
0x07150601,EBC24,Tower1
0x07150900,EBC25,Tower1
0x07150901,EBC26,Tower1
0x07150a00,EBC27,Tower1
0x07150a01,EBC28,Tower1
0x07150d00,EBC29,Tower1
0x07150d01,EBC30,Tower1
0x07150e00,EBC31,Tower1
0x07150e01,EBC32,Tower1
0x07190100,EBC33,Tower1
0x07190101,EBC34,Tower1
0x07190200,EBC35,Tower1
0x07190201,EBC36,Tower1
0x07190500,EBC37,Tower1
0x07190501,EBC38,Tower1
0x07190600,EBC39,Tower1
0x07190601,EBC40,Tower1
0x07190900,EBC41,Tower1
0x07190901,EBC42,Tower1
0x07190a00,EBC43,Tower1
0x07190a01,EBC44,Tower1
0x07190d00,EBC45,Tower1
0x07190d01,EBC46,Tower1
0x07190e00,EBC47,Tower1
0x07190e01,EBC48,Tower1
0x071d0100,EBC49,Tower1
0x071d0101,EBC50,Tower1
0x071d0200,EBC51,Tower1
0x071d0201,EBC52,Tower1
0x071d0500,EBC53,Tower1
0x071d0501,EBC54,Tower1
0x071d0600,EBC55,Tower1
0x071d0601,EBC56,Tower1
0x071d0900,EBC57,Tower1
0x071d0901,EBC58,Tower1
0x071d0a00,EBC59,Tower1
0x071d0a01,EBC60,Tower1
0x071d0d00,EBC61,Tower1
0x071d0d01,EBC62,Tower1
0x071d0e00,EBC63,Tower1
0x071d0e01,EBC64,Tower1
0x07110102,LBC01,Tower9
0x07110103,LBC02,Tower9
0x07110202,LBC03,Tower9
0x07110203,LBC04,Tower9
0x07110502,LBC05,Tower9
0x07110503,LBC06,Tower9
0x07110602,LBC07,Tower9
0x07110603,LBC08,Tower9
0x07110902,LBC09,Tower9
0x07110903,LBC10,Tower9
0x07110a02,LBC11,Tower9
0x07110a03,LBC12,Tower9
0x07110d02,LBC13,Tower9
0x07110d03,LBC14,Tower9
0x07110e02,LBC15,Tower9
0x07110e03,LBC16,Tower9
0x07150102,LBC17,Tower9
0x07150103,LBC18,Tower9
0x07150202,LBC19,Tower9
0x07150203,LBC20,Tower9
0x07150502,LBC21,Tower9
0x07150503,LBC22,Tower9
0x07150602,LBC23,Tower9
0x07150603,LBC24,Tower9
0x07150902,LBC25,Tower9
0x07150903,LBC26,Tower9
0x07150a02,LBC27,Tower9
0x07150a03,LBC28,Tower9
0x07150d02,LBC29,Tower9
0x07150d03,LBC30,Tower9
0x07150e02,LBC31,Tower9
0x07150e03,LBC32,Tower9
0x07190102,LBC33,Tower9
0x07190103,LBC34,Tower9
0x07190202,LBC35,Tower9
0x07190203,LBC36,Tower9
0x07190502,LBC37,Tower9
0x07190503,LBC38,Tower9
0x07190602,LBC39,Tower9
0x07190603,LBC40,Tower9
0x07190902,LBC41,Tower9
0x07190903,LBC42,Tower9
0x07190a02,LBC43,Tower9
0x07190a03,LBC44,Tower9
0x07190d02,LBC45,Tower9
0x07190d03,LBC46,Tower9
0x07190e02,LBC47,Tower9
0x07190e03,LBC48,Tower9
0x071d0102,LBC49,Tower9
0x071d0103,LBC50,Tower9
0x071d0202,LBC51,Tower9
0x071d0203,LBC52,Tower9
0x071d0502,LBC53,Tower9
0x071d0503,LBC54,Tower9
0x071d0602,LBC55,Tower9
0x071d0603,LBC56,Tower9
0x071d0902,LBC57,Tower9
0x071d0903,LBC58,Tower9
0x071d0a02,LBC59,Tower9
0x071d0a03,LBC60,Tower9
0x071d0d02,LBC61,Tower9
0x071d0d03,LBC62,Tower9
0x071d0e02,LBC63,Tower9
0x071d0e03,LBC64,Tower9
0x07120000,LBC01,Tower8
0x07120001,LBC02,Tower8
0x07120300,LBC03,Tower8
0x07120301,LBC04,Tower8
0x07120400,LBC05,Tower8
0x07120401,LBC06,Tower8
0x07120700,LBC07,Tower8
0x07120701,LBC08,Tower8
0x07120800,LBC09,Tower8
0x07120801,LBC10,Tower8
0x07120b00,LBC11,Tower8
0x07120b01,LBC12,Tower8
0x07120c00,LBC13,Tower8
0x07120c01,LBC14,Tower8
0x07120f00,LBC15,Tower8
0x07120f01,LBC16,Tower8
0x07160000,LBC17,Tower8
0x07160001,LBC18,Tower8
0x07160300,LBC19,Tower8
0x07160301,LBC20,Tower8
0x07160400,LBC21,Tower8
0x07160401,LBC22,Tower8
0x07160700,LBC23,Tower8
0x07160701,LBC24,Tower8
0x07160800,LBC25,Tower8
0x07160801,LBC26,Tower8
0x07160b00,LBC27,Tower8
0x07160b01,LBC28,Tower8
0x07160c00,LBC29,Tower8
0x07160c01,LBC30,Tower8
0x07160f00,LBC31,Tower8
0x07160f01,LBC32,Tower8
0x071a0000,LBC33,Tower8
0x071a0001,LBC34,Tower8
0x071a0300,LBC35,Tower8
0x071a0301,LBC36,Tower8
0x071a0400,LBC37,Tower8
0x071a0401,LBC38,Tower8
0x071a0700,LBC39,Tower8
0x071a0701,LBC40,Tower8
0x071a0800,LBC41,Tower8
0x071a0801,LBC42,Tower8
0x071a0b00,LBC43,Tower8
0x071a0b01,LBC44,Tower8
0x071a0c00,LBC45,Tower8
0x071a0c01,LBC46,Tower8
0x071a0f00,LBC47,Tower8
0x071a0f01,LBC48,Tower8
0x071e0000,LBC49,Tower8
0x071e0001,LBC50,Tower8
0x071e0300,LBC51,Tower8
0x071e0301,LBC52,Tower8
0x071e0400,LBC53,Tower8
0x071e0401,LBC54,Tower8
0x071e0700,LBC55,Tower8
0x071e0701,LBC56,Tower8
0x071e0800,LBC57,Tower8
0x071e0801,LBC58,Tower8
0x071e0b00,LBC59,Tower8
0x071e0b01,LBC60,Tower8
0x071e0c00,LBC61,Tower8
0x071e0c01,LBC62,Tower8
0x071e0f00,LBC63,Tower8
0x071e0f01,LBC64,Tower8
0x07120002,LBC01,Tower7
0x07120003,LBC02,Tower7
0x07120302,LBC03,Tower7
0x07120303,LBC04,Tower7
0x07120402,LBC05,Tower7
0x07120403,LBC06,Tower7
0x07120702,LBC07,Tower7
0x07120703,LBC08,Tower7
0x07120802,LBC09,Tower7
0x07120803,LBC10,Tower7
0x07120b02,LBC11,Tower7
0x07120b03,LBC12,Tower7
0x07120c02,LBC13,Tower7
0x07120c03,LBC14,Tower7
0x07120f02,LBC15,Tower7
0x07120f03,LBC16,Tower7
0x07160002,LBC17,Tower7
0x07160003,LBC18,Tower7
0x07160302,LBC19,Tower7
0x07160303,LBC20,Tower7
0x07160402,LBC21,Tower7
0x07160403,LBC22,Tower7
0x07160702,LBC23,Tower7
0x07160703,LBC24,Tower7
0x07160802,LBC25,Tower7
0x07160803,LBC26,Tower7
0x07160b02,LBC27,Tower7
0x07160b03,LBC28,Tower7
0x07160c02,LBC29,Tower7
0x07160c03,LBC30,Tower7
0x07160f02,LBC31,Tower7
0x07160f03,LBC32,Tower7
0x071a0002,LBC33,Tower7
0x071a0003,LBC34,Tower7
0x071a0302,LBC35,Tower7
0x071a0303,LBC36,Tower7
0x071a0402,LBC37,Tower7
0x071a0403,LBC38,Tower7
0x071a0702,LBC39,Tower7
0x071a0703,LBC40,Tower7
0x071a0802,LBC41,Tower7
0x071a0803,LBC42,Tower7
0x071a0b02,LBC43,Tower7
0x071a0b03,LBC44,Tower7
0x071a0c02,LBC45,Tower7
0x071a0c03,LBC46,Tower7
0x071a0f02,LBC47,Tower7
0x071a0f03,LBC48,Tower7
0x071e0002,LBC49,Tower7
0x071e0003,LBC50,Tower7
0x071e0302,LBC51,Tower7
0x071e0303,LBC52,Tower7
0x071e0402,LBC53,Tower7
0x071e0403,LBC54,Tower7
0x071e0702,LBC55,Tower7
0x071e0703,LBC56,Tower7
0x071e0802,LBC57,Tower7
0x071e0803,LBC58,Tower7
0x071e0b02,LBC59,Tower7
0x071e0b03,LBC60,Tower7
0x071e0c02,LBC61,Tower7
0x071e0c03,LBC62,Tower7
0x071e0f02,LBC63,Tower7
0x071e0f03,LBC64,Tower7
0x07120100,LBC01,Tower6
0x07120101,LBC02,Tower6
0x07120200,LBC03,Tower6
0x07120201,LBC04,Tower6
0x07120500,LBC05,Tower6
0x07120501,LBC06,Tower6
0x07120600,LBC07,Tower6
0x07120601,LBC08,Tower6
0x07120900,LBC09,Tower6
0x07120901,LBC10,Tower6
0x07120a00,LBC11,Tower6
0x07120a01,LBC12,Tower6
0x07120d00,LBC13,Tower6
0x07120d01,LBC14,Tower6
0x07120e00,LBC15,Tower6
0x07120e01,LBC16,Tower6
0x07160100,LBC17,Tower6
0x07160101,LBC18,Tower6
0x07160200,LBC19,Tower6
0x07160201,LBC20,Tower6
0x07160500,LBC21,Tower6
0x07160501,LBC22,Tower6
0x07160600,LBC23,Tower6
0x07160601,LBC24,Tower6
0x07160900,LBC25,Tower6
0x07160901,LBC26,Tower6
0x07160a00,LBC27,Tower6
0x07160a01,LBC28,Tower6
0x07160d00,LBC29,Tower6
0x07160d01,LBC30,Tower6
0x07160e00,LBC31,Tower6
0x07160e01,LBC32,Tower6
0x071a0100,LBC33,Tower6
0x071a0101,LBC34,Tower6
0x071a0200,LBC35,Tower6
0x071a0201,LBC36,Tower6
0x071a0500,LBC37,Tower6
0x071a0501,LBC38,Tower6
0x071a0600,LBC39,Tower6
0x071a0601,LBC40,Tower6
0x071a0900,LBC41,Tower6
0x071a0901,LBC42,Tower6
0x071a0a00,LBC43,Tower6
0x071a0a01,LBC44,Tower6
0x071a0d00,LBC45,Tower6
0x071a0d01,LBC46,Tower6
0x071a0e00,LBC47,Tower6
0x071a0e01,LBC48,Tower6
0x071e0100,LBC49,Tower6
0x071e0101,LBC50,Tower6
0x071e0200,LBC51,Tower6
0x071e0201,LBC52,Tower6
0x071e0500,LBC53,Tower6
0x071e0501,LBC54,Tower6
0x071e0600,LBC55,Tower6
0x071e0601,LBC56,Tower6
0x071e0900,LBC57,Tower6
0x071e0901,LBC58,Tower6
0x071e0a00,LBC59,Tower6
0x071e0a01,LBC60,Tower6
0x071e0d00,LBC61,Tower6
0x071e0d01,LBC62,Tower6
0x071e0e00,LBC63,Tower6
0x071e0e01,LBC64,Tower6
0x07120102,LBC01,Tower5
0x07120103,LBC02,Tower5
0x07120202,LBC03,Tower5
0x07120203,LBC04,Tower5
0x07120502,LBC05,Tower5
0x07120503,LBC06,Tower5
0x07120602,LBC07,Tower5
0x07120603,LBC08,Tower5
0x07120902,LBC09,Tower5
0x07120903,LBC10,Tower5
0x07120a02,LBC11,Tower5
0x07120a03,LBC12,Tower5
0x07120d02,LBC13,Tower5
0x07120d03,LBC14,Tower5
0x07120e02,LBC15,Tower5
0x07120e03,LBC16,Tower5
0x07160102,LBC17,Tower5
0x07160103,LBC18,Tower5
0x07160202,LBC19,Tower5
0x07160203,LBC20,Tower5
0x07160502,LBC21,Tower5
0x07160503,LBC22,Tower5
0x07160602,LBC23,Tower5
0x07160603,LBC24,Tower5
0x07160902,LBC25,Tower5
0x07160903,LBC26,Tower5
0x07160a02,LBC27,Tower5
0x07160a03,LBC28,Tower5
0x07160d02,LBC29,Tower5
0x07160d03,LBC30,Tower5
0x07160e02,LBC31,Tower5
0x07160e03,LBC32,Tower5
0x071a0102,LBC33,Tower5
0x071a0103,LBC34,Tower5
0x071a0202,LBC35,Tower5
0x071a0203,LBC36,Tower5
0x071a0502,LBC37,Tower5
0x071a0503,LBC38,Tower5
0x071a0602,LBC39,Tower5
0x071a0603,LBC40,Tower5
0x071a0902,LBC41,Tower5
0x071a0903,LBC42,Tower5
0x071a0a02,LBC43,Tower5
0x071a0a03,LBC44,Tower5
0x071a0d02,LBC45,Tower5
0x071a0d03,LBC46,Tower5
0x071a0e02,LBC47,Tower5
0x071a0e03,LBC48,Tower5
0x071e0102,LBC49,Tower5
0x071e0103,LBC50,Tower5
0x071e0202,LBC51,Tower5
0x071e0203,LBC52,Tower5
0x071e0502,LBC53,Tower5
0x071e0503,LBC54,Tower5
0x071e0602,LBC55,Tower5
0x071e0603,LBC56,Tower5
0x071e0902,LBC57,Tower5
0x071e0903,LBC58,Tower5
0x071e0a02,LBC59,Tower5
0x071e0a03,LBC60,Tower5
0x071e0d02,LBC61,Tower5
0x071e0d03,LBC62,Tower5
0x071e0e02,LBC63,Tower5
0x071e0e03,LBC64,Tower5
0x07130000,LBC01,Tower4
0x07130001,LBC02,Tower4
0x07130300,LBC03,Tower4
0x07130301,LBC04,Tower4
0x07130400,LBC05,Tower4
0x07130401,LBC06,Tower4
0x07130700,LBC07,Tower4
0x07130701,LBC08,Tower4
0x07130800,LBC09,Tower4
0x07130801,LBC10,Tower4
0x07130b00,LBC11,Tower4
0x07130b01,LBC12,Tower4
0x07130c00,LBC13,Tower4
0x07130c01,LBC14,Tower4
0x07130f00,LBC15,Tower4
0x07130f01,LBC16,Tower4
0x07170000,LBC17,Tower4
0x07170001,LBC18,Tower4
0x07170300,LBC19,Tower4
0x07170301,LBC20,Tower4
0x07170400,LBC21,Tower4
0x07170401,LBC22,Tower4
0x07170700,LBC23,Tower4
0x07170701,LBC24,Tower4
0x07170800,LBC25,Tower4
0x07170801,LBC26,Tower4
0x07170b00,LBC27,Tower4
0x07170b01,LBC28,Tower4
0x07170c00,LBC29,Tower4
0x07170c01,LBC30,Tower4
0x07170f00,LBC31,Tower4
0x07170f01,LBC32,Tower4
0x071b0000,LBC33,Tower4
0x071b0001,LBC34,Tower4
0x071b0300,LBC35,Tower4
0x071b0301,LBC36,Tower4
0x071b0400,LBC37,Tower4
0x071b0401,LBC38,Tower4
0x071b0700,LBC39,Tower4
0x071b0701,LBC40,Tower4
0x071b0800,LBC41,Tower4
0x071b0801,LBC42,Tower4
0x071b0b00,LBC43,Tower4
0x071b0b01,LBC44,Tower4
0x071b0c00,LBC45,Tower4
0x071b0c01,LBC46,Tower4
0x071b0f00,LBC47,Tower4
0x071b0f01,LBC48,Tower4
0x071f0000,LBC49,Tower4
0x071f0001,LBC50,Tower4
0x071f0300,LBC51,Tower4
0x071f0301,LBC52,Tower4
0x071f0400,LBC53,Tower4
0x071f0401,LBC54,Tower4
0x071f0700,LBC55,Tower4
0x071f0701,LBC56,Tower4
0x071f0800,LBC57,Tower4
0x071f0801,LBC58,Tower4
0x071f0b00,LBC59,Tower4
0x071f0b01,LBC60,Tower4
0x071f0c00,LBC61,Tower4
0x071f0c01,LBC62,Tower4
0x071f0f00,LBC63,Tower4
0x071f0f01,LBC64,Tower4
0x07130002,LBC01,Tower3
0x07130003,LBC02,Tower3
0x07130302,LBC03,Tower3
0x07130303,LBC04,Tower3
0x07130402,LBC05,Tower3
0x07130403,LBC06,Tower3
0x07130702,LBC07,Tower3
0x07130703,LBC08,Tower3
0x07130802,LBC09,Tower3
0x07130803,LBC10,Tower3
0x07130b02,LBC11,Tower3
0x07130b03,LBC12,Tower3
0x07130c02,LBC13,Tower3
0x07130c03,LBC14,Tower3
0x07130f02,LBC15,Tower3
0x07130f03,LBC16,Tower3
0x07170002,LBC17,Tower3
0x07170003,LBC18,Tower3
0x07170302,LBC19,Tower3
0x07170303,LBC20,Tower3
0x07170402,LBC21,Tower3
0x07170403,LBC22,Tower3
0x07170702,LBC23,Tower3
0x07170703,LBC24,Tower3
0x07170802,LBC25,Tower3
0x07170803,LBC26,Tower3
0x07170b02,LBC27,Tower3
0x07170b03,LBC28,Tower3
0x07170c02,LBC29,Tower3
0x07170c03,LBC30,Tower3
0x07170f02,LBC31,Tower3
0x07170f03,LBC32,Tower3
0x071b0002,LBC33,Tower3
0x071b0003,LBC34,Tower3
0x071b0302,LBC35,Tower3
0x071b0303,LBC36,Tower3
0x071b0402,LBC37,Tower3
0x071b0403,LBC38,Tower3
0x071b0702,LBC39,Tower3
0x071b0703,LBC40,Tower3
0x071b0802,LBC41,Tower3
0x071b0803,LBC42,Tower3
0x071b0b02,LBC43,Tower3
0x071b0b03,LBC44,Tower3
0x071b0c02,LBC45,Tower3
0x071b0c03,LBC46,Tower3
0x071b0f02,LBC47,Tower3
0x071b0f03,LBC48,Tower3
0x071f0002,LBC49,Tower3
0x071f0003,LBC50,Tower3
0x071f0302,LBC51,Tower3
0x071f0303,LBC52,Tower3
0x071f0402,LBC53,Tower3
0x071f0403,LBC54,Tower3
0x071f0702,LBC55,Tower3
0x071f0703,LBC56,Tower3
0x071f0802,LBC57,Tower3
0x071f0803,LBC58,Tower3
0x071f0b02,LBC59,Tower3
0x071f0b03,LBC60,Tower3
0x071f0c02,LBC61,Tower3
0x071f0c03,LBC62,Tower3
0x071f0f02,LBC63,Tower3
0x071f0f03,LBC64,Tower3
0x07130100,LBC01,Tower2
0x07130101,LBC02,Tower2
0x07130200,LBC03,Tower2
0x07130201,LBC04,Tower2
0x07130500,LBC05,Tower2
0x07130501,LBC06,Tower2
0x07130600,LBC07,Tower2
0x07130601,LBC08,Tower2
0x07130900,LBC09,Tower2
0x07130901,LBC10,Tower2
0x07130a00,LBC11,Tower2
0x07130a01,LBC12,Tower2
0x07130d00,LBC13,Tower2
0x07130d01,LBC14,Tower2
0x07130e00,LBC15,Tower2
0x07130e01,LBC16,Tower2
0x07170100,LBC17,Tower2
0x07170101,LBC18,Tower2
0x07170200,LBC19,Tower2
0x07170201,LBC20,Tower2
0x07170500,LBC21,Tower2
0x07170501,LBC22,Tower2
0x07170600,LBC23,Tower2
0x07170601,LBC24,Tower2
0x07170900,LBC25,Tower2
0x07170901,LBC26,Tower2
0x07170a00,LBC27,Tower2
0x07170a01,LBC28,Tower2
0x07170d00,LBC29,Tower2
0x07170d01,LBC30,Tower2
0x07170e00,LBC31,Tower2
0x07170e01,LBC32,Tower2
0x071b0100,LBC33,Tower2
0x071b0101,LBC34,Tower2
0x071b0200,LBC35,Tower2
0x071b0201,LBC36,Tower2
0x071b0500,LBC37,Tower2
0x071b0501,LBC38,Tower2
0x071b0600,LBC39,Tower2
0x071b0601,LBC40,Tower2
0x071b0900,LBC41,Tower2
0x071b0901,LBC42,Tower2
0x071b0a00,LBC43,Tower2
0x071b0a01,LBC44,Tower2
0x071b0d00,LBC45,Tower2
0x071b0d01,LBC46,Tower2
0x071b0e00,LBC47,Tower2
0x071b0e01,LBC48,Tower2
0x071f0100,LBC49,Tower2
0x071f0101,LBC50,Tower2
0x071f0200,LBC51,Tower2
0x071f0201,LBC52,Tower2
0x071f0500,LBC53,Tower2
0x071f0501,LBC54,Tower2
0x071f0600,LBC55,Tower2
0x071f0601,LBC56,Tower2
0x071f0900,LBC57,Tower2
0x071f0901,LBC58,Tower2
0x071f0a00,LBC59,Tower2
0x071f0a01,LBC60,Tower2
0x071f0d00,LBC61,Tower2
0x071f0d01,LBC62,Tower2
0x071f0e00,LBC63,Tower2
0x071f0e01,LBC64,Tower2
0x07130102,LBC01,Tower1
0x07130103,LBC02,Tower1
0x07130202,LBC03,Tower1
0x07130203,LBC04,Tower1
0x07130502,LBC05,Tower1
0x07130503,LBC06,Tower1
0x07130602,LBC07,Tower1
0x07130603,LBC08,Tower1
0x07130902,LBC09,Tower1
0x07130903,LBC10,Tower1
0x07130a02,LBC11,Tower1
0x07130a03,LBC12,Tower1
0x07130d02,LBC13,Tower1
0x07130d03,LBC14,Tower1
0x07130e02,LBC15,Tower1
0x07130e03,LBC16,Tower1
0x07170102,LBC17,Tower1
0x07170103,LBC18,Tower1
0x07170202,LBC19,Tower1
0x07170203,LBC20,Tower1
0x07170502,LBC21,Tower1
0x07170503,LBC22,Tower1
0x07170602,LBC23,Tower1
0x07170603,LBC24,Tower1
0x07170902,LBC25,Tower1
0x07170903,LBC26,Tower1
0x07170a02,LBC27,Tower1
0x07170a03,LBC28,Tower1
0x07170d02,LBC29,Tower1
0x07170d03,LBC30,Tower1
0x07170e02,LBC31,Tower1
0x07170e03,LBC32,Tower1
0x071b0102,LBC33,Tower1
0x071b0103,LBC34,Tower1
0x071b0202,LBC35,Tower1
0x071b0203,LBC36,Tower1
0x071b0502,LBC37,Tower1
0x071b0503,LBC38,Tower1
0x071b0602,LBC39,Tower1
0x071b0603,LBC40,Tower1
0x071b0902,LBC41,Tower1
0x071b0903,LBC42,Tower1
0x071b0a02,LBC43,Tower1
0x071b0a03,LBC44,Tower1
0x071b0d02,LBC45,Tower1
0x071b0d03,LBC46,Tower1
0x071b0e02,LBC47,Tower1
0x071b0e03,LBC48,Tower1
0x071f0102,LBC49,Tower1
0x071f0103,LBC50,Tower1
0x071f0202,LBC51,Tower1
0x071f0203,LBC52,Tower1
0x071f0502,LBC53,Tower1
0x071f0503,LBC54,Tower1
0x071f0602,LBC55,Tower1
0x071f0603,LBC56,Tower1
0x071f0902,LBC57,Tower1
0x071f0903,LBC58,Tower1
0x071f0a02,LBC59,Tower1
0x071f0a03,LBC60,Tower1
0x071f0d02,LBC61,Tower1
0x071f0d03,LBC62,Tower1
0x071f0e02,LBC63,Tower1
0x071f0e03,LBC64,Tower1
0x06100000,LBA01,Tower1
0x06100001,LBA02,Tower1
0x06100300,LBA03,Tower1
0x06100301,LBA04,Tower1
0x06100400,LBA05,Tower1
0x06100401,LBA06,Tower1
0x06100700,LBA07,Tower1
0x06100701,LBA08,Tower1
0x06100800,LBA09,Tower1
0x06100801,LBA10,Tower1
0x06100b00,LBA11,Tower1
0x06100b01,LBA12,Tower1
0x06100c00,LBA13,Tower1
0x06100c01,LBA14,Tower1
0x06100f00,LBA15,Tower1
0x06100f01,LBA16,Tower1
0x06140000,LBA17,Tower1
0x06140001,LBA18,Tower1
0x06140300,LBA19,Tower1
0x06140301,LBA20,Tower1
0x06140400,LBA21,Tower1
0x06140401,LBA22,Tower1
0x06140700,LBA23,Tower1
0x06140701,LBA24,Tower1
0x06140800,LBA25,Tower1
0x06140801,LBA26,Tower1
0x06140b00,LBA27,Tower1
0x06140b01,LBA28,Tower1
0x06140c00,LBA29,Tower1
0x06140c01,LBA30,Tower1
0x06140f00,LBA31,Tower1
0x06140f01,LBA32,Tower1
0x06180000,LBA33,Tower1
0x06180001,LBA34,Tower1
0x06180300,LBA35,Tower1
0x06180301,LBA36,Tower1
0x06180400,LBA37,Tower1
0x06180401,LBA38,Tower1
0x06180700,LBA39,Tower1
0x06180701,LBA40,Tower1
0x06180800,LBA41,Tower1
0x06180801,LBA42,Tower1
0x06180b00,LBA43,Tower1
0x06180b01,LBA44,Tower1
0x06180c00,LBA45,Tower1
0x06180c01,LBA46,Tower1
0x06180f00,LBA47,Tower1
0x06180f01,LBA48,Tower1
0x061c0000,LBA49,Tower1
0x061c0001,LBA50,Tower1
0x061c0300,LBA51,Tower1
0x061c0301,LBA52,Tower1
0x061c0400,LBA53,Tower1
0x061c0401,LBA54,Tower1
0x061c0700,LBA55,Tower1
0x061c0701,LBA56,Tower1
0x061c0800,LBA57,Tower1
0x061c0801,LBA58,Tower1
0x061c0b00,LBA59,Tower1
0x061c0b01,LBA60,Tower1
0x061c0c00,LBA61,Tower1
0x061c0c01,LBA62,Tower1
0x061c0f00,LBA63,Tower1
0x061c0f01,LBA64,Tower1
0x06100002,LBA01,Tower2
0x06100003,LBA02,Tower2
0x06100302,LBA03,Tower2
0x06100303,LBA04,Tower2
0x06100402,LBA05,Tower2
0x06100403,LBA06,Tower2
0x06100702,LBA07,Tower2
0x06100703,LBA08,Tower2
0x06100802,LBA09,Tower2
0x06100803,LBA10,Tower2
0x06100b02,LBA11,Tower2
0x06100b03,LBA12,Tower2
0x06100c02,LBA13,Tower2
0x06100c03,LBA14,Tower2
0x06100f02,LBA15,Tower2
0x06100f03,LBA16,Tower2
0x06140002,LBA17,Tower2
0x06140003,LBA18,Tower2
0x06140302,LBA19,Tower2
0x06140303,LBA20,Tower2
0x06140402,LBA21,Tower2
0x06140403,LBA22,Tower2
0x06140702,LBA23,Tower2
0x06140703,LBA24,Tower2
0x06140802,LBA25,Tower2
0x06140803,LBA26,Tower2
0x06140b02,LBA27,Tower2
0x06140b03,LBA28,Tower2
0x06140c02,LBA29,Tower2
0x06140c03,LBA30,Tower2
0x06140f02,LBA31,Tower2
0x06140f03,LBA32,Tower2
0x06180002,LBA33,Tower2
0x06180003,LBA34,Tower2
0x06180302,LBA35,Tower2
0x06180303,LBA36,Tower2
0x06180402,LBA37,Tower2
0x06180403,LBA38,Tower2
0x06180702,LBA39,Tower2
0x06180703,LBA40,Tower2
0x06180802,LBA41,Tower2
0x06180803,LBA42,Tower2
0x06180b02,LBA43,Tower2
0x06180b03,LBA44,Tower2
0x06180c02,LBA45,Tower2
0x06180c03,LBA46,Tower2
0x06180f02,LBA47,Tower2
0x06180f03,LBA48,Tower2
0x061c0002,LBA49,Tower2
0x061c0003,LBA50,Tower2
0x061c0302,LBA51,Tower2
0x061c0303,LBA52,Tower2
0x061c0402,LBA53,Tower2
0x061c0403,LBA54,Tower2
0x061c0702,LBA55,Tower2
0x061c0703,LBA56,Tower2
0x061c0802,LBA57,Tower2
0x061c0803,LBA58,Tower2
0x061c0b02,LBA59,Tower2
0x061c0b03,LBA60,Tower2
0x061c0c02,LBA61,Tower2
0x061c0c03,LBA62,Tower2
0x061c0f02,LBA63,Tower2
0x061c0f03,LBA64,Tower2
0x06100100,LBA01,Tower3
0x06100101,LBA02,Tower3
0x06100200,LBA03,Tower3
0x06100201,LBA04,Tower3
0x06100500,LBA05,Tower3
0x06100501,LBA06,Tower3
0x06100600,LBA07,Tower3
0x06100601,LBA08,Tower3
0x06100900,LBA09,Tower3
0x06100901,LBA10,Tower3
0x06100a00,LBA11,Tower3
0x06100a01,LBA12,Tower3
0x06100d00,LBA13,Tower3
0x06100d01,LBA14,Tower3
0x06100e00,LBA15,Tower3
0x06100e01,LBA16,Tower3
0x06140100,LBA17,Tower3
0x06140101,LBA18,Tower3
0x06140200,LBA19,Tower3
0x06140201,LBA20,Tower3
0x06140500,LBA21,Tower3
0x06140501,LBA22,Tower3
0x06140600,LBA23,Tower3
0x06140601,LBA24,Tower3
0x06140900,LBA25,Tower3
0x06140901,LBA26,Tower3
0x06140a00,LBA27,Tower3
0x06140a01,LBA28,Tower3
0x06140d00,LBA29,Tower3
0x06140d01,LBA30,Tower3
0x06140e00,LBA31,Tower3
0x06140e01,LBA32,Tower3
0x06180100,LBA33,Tower3
0x06180101,LBA34,Tower3
0x06180200,LBA35,Tower3
0x06180201,LBA36,Tower3
0x06180500,LBA37,Tower3
0x06180501,LBA38,Tower3
0x06180600,LBA39,Tower3
0x06180601,LBA40,Tower3
0x06180900,LBA41,Tower3
0x06180901,LBA42,Tower3
0x06180a00,LBA43,Tower3
0x06180a01,LBA44,Tower3
0x06180d00,LBA45,Tower3
0x06180d01,LBA46,Tower3
0x06180e00,LBA47,Tower3
0x06180e01,LBA48,Tower3
0x061c0100,LBA49,Tower3
0x061c0101,LBA50,Tower3
0x061c0200,LBA51,Tower3
0x061c0201,LBA52,Tower3
0x061c0500,LBA53,Tower3
0x061c0501,LBA54,Tower3
0x061c0600,LBA55,Tower3
0x061c0601,LBA56,Tower3
0x061c0900,LBA57,Tower3
0x061c0901,LBA58,Tower3
0x061c0a00,LBA59,Tower3
0x061c0a01,LBA60,Tower3
0x061c0d00,LBA61,Tower3
0x061c0d01,LBA62,Tower3
0x061c0e00,LBA63,Tower3
0x061c0e01,LBA64,Tower3
0x06100102,LBA01,Tower4
0x06100103,LBA02,Tower4
0x06100202,LBA03,Tower4
0x06100203,LBA04,Tower4
0x06100502,LBA05,Tower4
0x06100503,LBA06,Tower4
0x06100602,LBA07,Tower4
0x06100603,LBA08,Tower4
0x06100902,LBA09,Tower4
0x06100903,LBA10,Tower4
0x06100a02,LBA11,Tower4
0x06100a03,LBA12,Tower4
0x06100d02,LBA13,Tower4
0x06100d03,LBA14,Tower4
0x06100e02,LBA15,Tower4
0x06100e03,LBA16,Tower4
0x06140102,LBA17,Tower4
0x06140103,LBA18,Tower4
0x06140202,LBA19,Tower4
0x06140203,LBA20,Tower4
0x06140502,LBA21,Tower4
0x06140503,LBA22,Tower4
0x06140602,LBA23,Tower4
0x06140603,LBA24,Tower4
0x06140902,LBA25,Tower4
0x06140903,LBA26,Tower4
0x06140a02,LBA27,Tower4
0x06140a03,LBA28,Tower4
0x06140d02,LBA29,Tower4
0x06140d03,LBA30,Tower4
0x06140e02,LBA31,Tower4
0x06140e03,LBA32,Tower4
0x06180102,LBA33,Tower4
0x06180103,LBA34,Tower4
0x06180202,LBA35,Tower4
0x06180203,LBA36,Tower4
0x06180502,LBA37,Tower4
0x06180503,LBA38,Tower4
0x06180602,LBA39,Tower4
0x06180603,LBA40,Tower4
0x06180902,LBA41,Tower4
0x06180903,LBA42,Tower4
0x06180a02,LBA43,Tower4
0x06180a03,LBA44,Tower4
0x06180d02,LBA45,Tower4
0x06180d03,LBA46,Tower4
0x06180e02,LBA47,Tower4
0x06180e03,LBA48,Tower4
0x061c0102,LBA49,Tower4
0x061c0103,LBA50,Tower4
0x061c0202,LBA51,Tower4
0x061c0203,LBA52,Tower4
0x061c0502,LBA53,Tower4
0x061c0503,LBA54,Tower4
0x061c0602,LBA55,Tower4
0x061c0603,LBA56,Tower4
0x061c0902,LBA57,Tower4
0x061c0903,LBA58,Tower4
0x061c0a02,LBA59,Tower4
0x061c0a03,LBA60,Tower4
0x061c0d02,LBA61,Tower4
0x061c0d03,LBA62,Tower4
0x061c0e02,LBA63,Tower4
0x061c0e03,LBA64,Tower4
0x06110000,LBA01,Tower5
0x06110001,LBA02,Tower5
0x06110300,LBA03,Tower5
0x06110301,LBA04,Tower5
0x06110400,LBA05,Tower5
0x06110401,LBA06,Tower5
0x06110700,LBA07,Tower5
0x06110701,LBA08,Tower5
0x06110800,LBA09,Tower5
0x06110801,LBA10,Tower5
0x06110b00,LBA11,Tower5
0x06110b01,LBA12,Tower5
0x06110c00,LBA13,Tower5
0x06110c01,LBA14,Tower5
0x06110f00,LBA15,Tower5
0x06110f01,LBA16,Tower5
0x06150000,LBA17,Tower5
0x06150001,LBA18,Tower5
0x06150300,LBA19,Tower5
0x06150301,LBA20,Tower5
0x06150400,LBA21,Tower5
0x06150401,LBA22,Tower5
0x06150700,LBA23,Tower5
0x06150701,LBA24,Tower5
0x06150800,LBA25,Tower5
0x06150801,LBA26,Tower5
0x06150b00,LBA27,Tower5
0x06150b01,LBA28,Tower5
0x06150c00,LBA29,Tower5
0x06150c01,LBA30,Tower5
0x06150f00,LBA31,Tower5
0x06150f01,LBA32,Tower5
0x06190000,LBA33,Tower5
0x06190001,LBA34,Tower5
0x06190300,LBA35,Tower5
0x06190301,LBA36,Tower5
0x06190400,LBA37,Tower5
0x06190401,LBA38,Tower5
0x06190700,LBA39,Tower5
0x06190701,LBA40,Tower5
0x06190800,LBA41,Tower5
0x06190801,LBA42,Tower5
0x06190b00,LBA43,Tower5
0x06190b01,LBA44,Tower5
0x06190c00,LBA45,Tower5
0x06190c01,LBA46,Tower5
0x06190f00,LBA47,Tower5
0x06190f01,LBA48,Tower5
0x061d0000,LBA49,Tower5
0x061d0001,LBA50,Tower5
0x061d0300,LBA51,Tower5
0x061d0301,LBA52,Tower5
0x061d0400,LBA53,Tower5
0x061d0401,LBA54,Tower5
0x061d0700,LBA55,Tower5
0x061d0701,LBA56,Tower5
0x061d0800,LBA57,Tower5
0x061d0801,LBA58,Tower5
0x061d0b00,LBA59,Tower5
0x061d0b01,LBA60,Tower5
0x061d0c00,LBA61,Tower5
0x061d0c01,LBA62,Tower5
0x061d0f00,LBA63,Tower5
0x061d0f01,LBA64,Tower5
0x06110002,LBA01,Tower6
0x06110003,LBA02,Tower6
0x06110302,LBA03,Tower6
0x06110303,LBA04,Tower6
0x06110402,LBA05,Tower6
0x06110403,LBA06,Tower6
0x06110702,LBA07,Tower6
0x06110703,LBA08,Tower6
0x06110802,LBA09,Tower6
0x06110803,LBA10,Tower6
0x06110b02,LBA11,Tower6
0x06110b03,LBA12,Tower6
0x06110c02,LBA13,Tower6
0x06110c03,LBA14,Tower6
0x06110f02,LBA15,Tower6
0x06110f03,LBA16,Tower6
0x06150002,LBA17,Tower6
0x06150003,LBA18,Tower6
0x06150302,LBA19,Tower6
0x06150303,LBA20,Tower6
0x06150402,LBA21,Tower6
0x06150403,LBA22,Tower6
0x06150702,LBA23,Tower6
0x06150703,LBA24,Tower6
0x06150802,LBA25,Tower6
0x06150803,LBA26,Tower6
0x06150b02,LBA27,Tower6
0x06150b03,LBA28,Tower6
0x06150c02,LBA29,Tower6
0x06150c03,LBA30,Tower6
0x06150f02,LBA31,Tower6
0x06150f03,LBA32,Tower6
0x06190002,LBA33,Tower6
0x06190003,LBA34,Tower6
0x06190302,LBA35,Tower6
0x06190303,LBA36,Tower6
0x06190402,LBA37,Tower6
0x06190403,LBA38,Tower6
0x06190702,LBA39,Tower6
0x06190703,LBA40,Tower6
0x06190802,LBA41,Tower6
0x06190803,LBA42,Tower6
0x06190b02,LBA43,Tower6
0x06190b03,LBA44,Tower6
0x06190c02,LBA45,Tower6
0x06190c03,LBA46,Tower6
0x06190f02,LBA47,Tower6
0x06190f03,LBA48,Tower6
0x061d0002,LBA49,Tower6
0x061d0003,LBA50,Tower6
0x061d0302,LBA51,Tower6
0x061d0303,LBA52,Tower6
0x061d0402,LBA53,Tower6
0x061d0403,LBA54,Tower6
0x061d0702,LBA55,Tower6
0x061d0703,LBA56,Tower6
0x061d0802,LBA57,Tower6
0x061d0803,LBA58,Tower6
0x061d0b02,LBA59,Tower6
0x061d0b03,LBA60,Tower6
0x061d0c02,LBA61,Tower6
0x061d0c03,LBA62,Tower6
0x061d0f02,LBA63,Tower6
0x061d0f03,LBA64,Tower6
0x06110100,LBA01,Tower7
0x06110101,LBA02,Tower7
0x06110200,LBA03,Tower7
0x06110201,LBA04,Tower7
0x06110500,LBA05,Tower7
0x06110501,LBA06,Tower7
0x06110600,LBA07,Tower7
0x06110601,LBA08,Tower7
0x06110900,LBA09,Tower7
0x06110901,LBA10,Tower7
0x06110a00,LBA11,Tower7
0x06110a01,LBA12,Tower7
0x06110d00,LBA13,Tower7
0x06110d01,LBA14,Tower7
0x06110e00,LBA15,Tower7
0x06110e01,LBA16,Tower7
0x06150100,LBA17,Tower7
0x06150101,LBA18,Tower7
0x06150200,LBA19,Tower7
0x06150201,LBA20,Tower7
0x06150500,LBA21,Tower7
0x06150501,LBA22,Tower7
0x06150600,LBA23,Tower7
0x06150601,LBA24,Tower7
0x06150900,LBA25,Tower7
0x06150901,LBA26,Tower7
0x06150a00,LBA27,Tower7
0x06150a01,LBA28,Tower7
0x06150d00,LBA29,Tower7
0x06150d01,LBA30,Tower7
0x06150e00,LBA31,Tower7
0x06150e01,LBA32,Tower7
0x06190100,LBA33,Tower7
0x06190101,LBA34,Tower7
0x06190200,LBA35,Tower7
0x06190201,LBA36,Tower7
0x06190500,LBA37,Tower7
0x06190501,LBA38,Tower7
0x06190600,LBA39,Tower7
0x06190601,LBA40,Tower7
0x06190900,LBA41,Tower7
0x06190901,LBA42,Tower7
0x06190a00,LBA43,Tower7
0x06190a01,LBA44,Tower7
0x06190d00,LBA45,Tower7
0x06190d01,LBA46,Tower7
0x06190e00,LBA47,Tower7
0x06190e01,LBA48,Tower7
0x061d0100,LBA49,Tower7
0x061d0101,LBA50,Tower7
0x061d0200,LBA51,Tower7
0x061d0201,LBA52,Tower7
0x061d0500,LBA53,Tower7
0x061d0501,LBA54,Tower7
0x061d0600,LBA55,Tower7
0x061d0601,LBA56,Tower7
0x061d0900,LBA57,Tower7
0x061d0901,LBA58,Tower7
0x061d0a00,LBA59,Tower7
0x061d0a01,LBA60,Tower7
0x061d0d00,LBA61,Tower7
0x061d0d01,LBA62,Tower7
0x061d0e00,LBA63,Tower7
0x061d0e01,LBA64,Tower7
0x06110102,LBA01,Tower8
0x06110103,LBA02,Tower8
0x06110202,LBA03,Tower8
0x06110203,LBA04,Tower8
0x06110502,LBA05,Tower8
0x06110503,LBA06,Tower8
0x06110602,LBA07,Tower8
0x06110603,LBA08,Tower8
0x06110902,LBA09,Tower8
0x06110903,LBA10,Tower8
0x06110a02,LBA11,Tower8
0x06110a03,LBA12,Tower8
0x06110d02,LBA13,Tower8
0x06110d03,LBA14,Tower8
0x06110e02,LBA15,Tower8
0x06110e03,LBA16,Tower8
0x06150102,LBA17,Tower8
0x06150103,LBA18,Tower8
0x06150202,LBA19,Tower8
0x06150203,LBA20,Tower8
0x06150502,LBA21,Tower8
0x06150503,LBA22,Tower8
0x06150602,LBA23,Tower8
0x06150603,LBA24,Tower8
0x06150902,LBA25,Tower8
0x06150903,LBA26,Tower8
0x06150a02,LBA27,Tower8
0x06150a03,LBA28,Tower8
0x06150d02,LBA29,Tower8
0x06150d03,LBA30,Tower8
0x06150e02,LBA31,Tower8
0x06150e03,LBA32,Tower8
0x06190102,LBA33,Tower8
0x06190103,LBA34,Tower8
0x06190202,LBA35,Tower8
0x06190203,LBA36,Tower8
0x06190502,LBA37,Tower8
0x06190503,LBA38,Tower8
0x06190602,LBA39,Tower8
0x06190603,LBA40,Tower8
0x06190902,LBA41,Tower8
0x06190903,LBA42,Tower8
0x06190a02,LBA43,Tower8
0x06190a03,LBA44,Tower8
0x06190d02,LBA45,Tower8
0x06190d03,LBA46,Tower8
0x06190e02,LBA47,Tower8
0x06190e03,LBA48,Tower8
0x061d0102,LBA49,Tower8
0x061d0103,LBA50,Tower8
0x061d0202,LBA51,Tower8
0x061d0203,LBA52,Tower8
0x061d0502,LBA53,Tower8
0x061d0503,LBA54,Tower8
0x061d0602,LBA55,Tower8
0x061d0603,LBA56,Tower8
0x061d0902,LBA57,Tower8
0x061d0903,LBA58,Tower8
0x061d0a02,LBA59,Tower8
0x061d0a03,LBA60,Tower8
0x061d0d02,LBA61,Tower8
0x061d0d03,LBA62,Tower8
0x061d0e02,LBA63,Tower8
0x061d0e03,LBA64,Tower8
0x06120000,LBA01,Tower9
0x06120001,LBA02,Tower9
0x06120300,LBA03,Tower9
0x06120301,LBA04,Tower9
0x06120400,LBA05,Tower9
0x06120401,LBA06,Tower9
0x06120700,LBA07,Tower9
0x06120701,LBA08,Tower9
0x06120800,LBA09,Tower9
0x06120801,LBA10,Tower9
0x06120b00,LBA11,Tower9
0x06120b01,LBA12,Tower9
0x06120c00,LBA13,Tower9
0x06120c01,LBA14,Tower9
0x06120f00,LBA15,Tower9
0x06120f01,LBA16,Tower9
0x06160000,LBA17,Tower9
0x06160001,LBA18,Tower9
0x06160300,LBA19,Tower9
0x06160301,LBA20,Tower9
0x06160400,LBA21,Tower9
0x06160401,LBA22,Tower9
0x06160700,LBA23,Tower9
0x06160701,LBA24,Tower9
0x06160800,LBA25,Tower9
0x06160801,LBA26,Tower9
0x06160b00,LBA27,Tower9
0x06160b01,LBA28,Tower9
0x06160c00,LBA29,Tower9
0x06160c01,LBA30,Tower9
0x06160f00,LBA31,Tower9
0x06160f01,LBA32,Tower9
0x061a0000,LBA33,Tower9
0x061a0001,LBA34,Tower9
0x061a0300,LBA35,Tower9
0x061a0301,LBA36,Tower9
0x061a0400,LBA37,Tower9
0x061a0401,LBA38,Tower9
0x061a0700,LBA39,Tower9
0x061a0701,LBA40,Tower9
0x061a0800,LBA41,Tower9
0x061a0801,LBA42,Tower9
0x061a0b00,LBA43,Tower9
0x061a0b01,LBA44,Tower9
0x061a0c00,LBA45,Tower9
0x061a0c01,LBA46,Tower9
0x061a0f00,LBA47,Tower9
0x061a0f01,LBA48,Tower9
0x061e0000,LBA49,Tower9
0x061e0001,LBA50,Tower9
0x061e0300,LBA51,Tower9
0x061e0301,LBA52,Tower9
0x061e0400,LBA53,Tower9
0x061e0401,LBA54,Tower9
0x061e0700,LBA55,Tower9
0x061e0701,LBA56,Tower9
0x061e0800,LBA57,Tower9
0x061e0801,LBA58,Tower9
0x061e0b00,LBA59,Tower9
0x061e0b01,LBA60,Tower9
0x061e0c00,LBA61,Tower9
0x061e0c01,LBA62,Tower9
0x061e0f00,LBA63,Tower9
0x061e0f01,LBA64,Tower9
0x06120002,EBA01,Tower1
0x06120003,EBA02,Tower1
0x06120302,EBA03,Tower1
0x06120303,EBA04,Tower1
0x06120402,EBA05,Tower1
0x06120403,EBA06,Tower1
0x06120702,EBA07,Tower1
0x06120703,EBA08,Tower1
0x06120802,EBA09,Tower1
0x06120803,EBA10,Tower1
0x06120b02,EBA11,Tower1
0x06120b03,EBA12,Tower1
0x06120c02,EBA13,Tower1
0x06120c03,EBA14,Tower1
0x06120f02,EBA15,Tower1
0x06120f03,EBA16,Tower1
0x06160002,EBA17,Tower1
0x06160003,EBA18,Tower1
0x06160302,EBA19,Tower1
0x06160303,EBA20,Tower1
0x06160402,EBA21,Tower1
0x06160403,EBA22,Tower1
0x06160702,EBA23,Tower1
0x06160703,EBA24,Tower1
0x06160802,EBA25,Tower1
0x06160803,EBA26,Tower1
0x06160b02,EBA27,Tower1
0x06160b03,EBA28,Tower1
0x06160c02,EBA29,Tower1
0x06160c03,EBA30,Tower1
0x06160f02,EBA31,Tower1
0x06160f03,EBA32,Tower1
0x061a0002,EBA33,Tower1
0x061a0003,EBA34,Tower1
0x061a0302,EBA35,Tower1
0x061a0303,EBA36,Tower1
0x061a0402,EBA37,Tower1
0x061a0403,EBA38,Tower1
0x061a0702,EBA39,Tower1
0x061a0703,EBA40,Tower1
0x061a0802,EBA41,Tower1
0x061a0803,EBA42,Tower1
0x061a0b02,EBA43,Tower1
0x061a0b03,EBA44,Tower1
0x061a0c02,EBA45,Tower1
0x061a0c03,EBA46,Tower1
0x061a0f02,EBA47,Tower1
0x061a0f03,EBA48,Tower1
0x061e0002,EBA49,Tower1
0x061e0003,EBA50,Tower1
0x061e0302,EBA51,Tower1
0x061e0303,EBA52,Tower1
0x061e0402,EBA53,Tower1
0x061e0403,EBA54,Tower1
0x061e0702,EBA55,Tower1
0x061e0703,EBA56,Tower1
0x061e0802,EBA57,Tower1
0x061e0803,EBA58,Tower1
0x061e0b02,EBA59,Tower1
0x061e0b03,EBA60,Tower1
0x061e0c02,EBA61,Tower1
0x061e0c03,EBA62,Tower1
0x061e0f02,EBA63,Tower1
0x061e0f03,EBA64,Tower1
0x06120100,EBA01,Tower2
0x06120101,EBA02,Tower2
0x06120200,EBA03,Tower2
0x06120201,EBA04,Tower2
0x06120500,EBA05,Tower2
0x06120501,EBA06,Tower2
0x06120600,EBA07,Tower2
0x06120601,EBA08,Tower2
0x06120900,EBA09,Tower2
0x06120901,EBA10,Tower2
0x06120a00,EBA11,Tower2
0x06120a01,EBA12,Tower2
0x06120d00,EBA13,Tower2
0x06120d01,EBA14,Tower2
0x06120e00,EBA15,Tower2
0x06120e01,EBA16,Tower2
0x06160100,EBA17,Tower2
0x06160101,EBA18,Tower2
0x06160200,EBA19,Tower2
0x06160201,EBA20,Tower2
0x06160500,EBA21,Tower2
0x06160501,EBA22,Tower2
0x06160600,EBA23,Tower2
0x06160601,EBA24,Tower2
0x06160900,EBA25,Tower2
0x06160901,EBA26,Tower2
0x06160a00,EBA27,Tower2
0x06160a01,EBA28,Tower2
0x06160d00,EBA29,Tower2
0x06160d01,EBA30,Tower2
0x06160e00,EBA31,Tower2
0x06160e01,EBA32,Tower2
0x061a0100,EBA33,Tower2
0x061a0101,EBA34,Tower2
0x061a0200,EBA35,Tower2
0x061a0201,EBA36,Tower2
0x061a0500,EBA37,Tower2
0x061a0501,EBA38,Tower2
0x061a0600,EBA39,Tower2
0x061a0601,EBA40,Tower2
0x061a0900,EBA41,Tower2
0x061a0901,EBA42,Tower2
0x061a0a00,EBA43,Tower2
0x061a0a01,EBA44,Tower2
0x061a0d00,EBA45,Tower2
0x061a0d01,EBA46,Tower2
0x061a0e00,EBA47,Tower2
0x061a0e01,EBA48,Tower2
0x061e0100,EBA49,Tower2
0x061e0101,EBA50,Tower2
0x061e0200,EBA51,Tower2
0x061e0201,EBA52,Tower2
0x061e0500,EBA53,Tower2
0x061e0501,EBA54,Tower2
0x061e0600,EBA55,Tower2
0x061e0601,EBA56,Tower2
0x061e0900,EBA57,Tower2
0x061e0901,EBA58,Tower2
0x061e0a00,EBA59,Tower2
0x061e0a01,EBA60,Tower2
0x061e0d00,EBA61,Tower2
0x061e0d01,EBA62,Tower2
0x061e0e00,EBA63,Tower2
0x061e0e01,EBA64,Tower2
0x06120102,EBA01,Tower3
0x06120103,EBA02,Tower3
0x06120202,EBA03,Tower3
0x06120203,EBA04,Tower3
0x06120502,EBA05,Tower3
0x06120503,EBA06,Tower3
0x06120602,EBA07,Tower3
0x06120603,EBA08,Tower3
0x06120902,EBA09,Tower3
0x06120903,EBA10,Tower3
0x06120a02,EBA11,Tower3
0x06120a03,EBA12,Tower3
0x06120d02,EBA13,Tower3
0x06120d03,EBA14,Tower3
0x06120e02,EBA15,Tower3
0x06120e03,EBA16,Tower3
0x06160102,EBA17,Tower3
0x06160103,EBA18,Tower3
0x06160202,EBA19,Tower3
0x06160203,EBA20,Tower3
0x06160502,EBA21,Tower3
0x06160503,EBA22,Tower3
0x06160602,EBA23,Tower3
0x06160603,EBA24,Tower3
0x06160902,EBA25,Tower3
0x06160903,EBA26,Tower3
0x06160a02,EBA27,Tower3
0x06160a03,EBA28,Tower3
0x06160d02,EBA29,Tower3
0x06160d03,EBA30,Tower3
0x06160e02,EBA31,Tower3
0x06160e03,EBA32,Tower3
0x061a0102,EBA33,Tower3
0x061a0103,EBA34,Tower3
0x061a0202,EBA35,Tower3
0x061a0203,EBA36,Tower3
0x061a0502,EBA37,Tower3
0x061a0503,EBA38,Tower3
0x061a0602,EBA39,Tower3
0x061a0603,EBA40,Tower3
0x061a0902,EBA41,Tower3
0x061a0903,EBA42,Tower3
0x061a0a02,EBA43,Tower3
0x061a0a03,EBA44,Tower3
0x061a0d02,EBA45,Tower3
0x061a0d03,EBA46,Tower3
0x061a0e02,EBA47,Tower3
0x061a0e03,EBA48,Tower3
0x061e0102,EBA49,Tower3
0x061e0103,EBA50,Tower3
0x061e0202,EBA51,Tower3
0x061e0203,EBA52,Tower3
0x061e0502,EBA53,Tower3
0x061e0503,EBA54,Tower3
0x061e0602,EBA55,Tower3
0x061e0603,EBA56,Tower3
0x061e0902,EBA57,Tower3
0x061e0903,EBA58,Tower3
0x061e0a02,EBA59,Tower3
0x061e0a03,EBA60,Tower3
0x061e0d02,EBA61,Tower3
0x061e0d03,EBA62,Tower3
0x061e0e02,EBA63,Tower3
0x061e0e03,EBA64,Tower3
0x06130000,EBA01,Tower4
0x06130001,EBA02,Tower4
0x06130300,EBA03,Tower4
0x06130301,EBA04,Tower4
0x06130400,EBA05,Tower4
0x06130401,EBA06,Tower4
0x06130700,EBA07,Tower4
0x06130701,EBA08,Tower4
0x06130800,EBA09,Tower4
0x06130801,EBA10,Tower4
0x06130b00,EBA11,Tower4
0x06130b01,EBA12,Tower4
0x06130c00,EBA13,Tower4
0x06130c01,EBA14,Tower4
0x06130f00,EBA15,Tower4
0x06130f01,EBA16,Tower4
0x06170000,EBA17,Tower4
0x06170001,EBA18,Tower4
0x06170300,EBA19,Tower4
0x06170301,EBA20,Tower4
0x06170400,EBA21,Tower4
0x06170401,EBA22,Tower4
0x06170700,EBA23,Tower4
0x06170701,EBA24,Tower4
0x06170800,EBA25,Tower4
0x06170801,EBA26,Tower4
0x06170b00,EBA27,Tower4
0x06170b01,EBA28,Tower4
0x06170c00,EBA29,Tower4
0x06170c01,EBA30,Tower4
0x06170f00,EBA31,Tower4
0x06170f01,EBA32,Tower4
0x061b0000,EBA33,Tower4
0x061b0001,EBA34,Tower4
0x061b0300,EBA35,Tower4
0x061b0301,EBA36,Tower4
0x061b0400,EBA37,Tower4
0x061b0401,EBA38,Tower4
0x061b0700,EBA39,Tower4
0x061b0701,EBA40,Tower4
0x061b0800,EBA41,Tower4
0x061b0801,EBA42,Tower4
0x061b0b00,EBA43,Tower4
0x061b0b01,EBA44,Tower4
0x061b0c00,EBA45,Tower4
0x061b0c01,EBA46,Tower4
0x061b0f00,EBA47,Tower4
0x061b0f01,EBA48,Tower4
0x061f0000,EBA49,Tower4
0x061f0001,EBA50,Tower4
0x061f0300,EBA51,Tower4
0x061f0301,EBA52,Tower4
0x061f0400,EBA53,Tower4
0x061f0401,EBA54,Tower4
0x061f0700,EBA55,Tower4
0x061f0701,EBA56,Tower4
0x061f0800,EBA57,Tower4
0x061f0801,EBA58,Tower4
0x061f0b00,EBA59,Tower4
0x061f0b01,EBA60,Tower4
0x061f0c00,EBA61,Tower4
0x061f0c01,EBA62,Tower4
0x061f0f00,EBA63,Tower4
0x061f0f01,EBA64,Tower4
0x06130002,EBA01,Tower5
0x06130003,EBA02,Tower5
0x06130302,EBA03,Tower5
0x06130303,EBA04,Tower5
0x06130402,EBA05,Tower5
0x06130403,EBA06,Tower5
0x06130702,EBA07,Tower5
0x06130703,EBA08,Tower5
0x06130802,EBA09,Tower5
0x06130803,EBA10,Tower5
0x06130b02,EBA11,Tower5
0x06130b03,EBA12,Tower5
0x06130c02,EBA13,Tower5
0x06130c03,EBA14,Tower5
0x06130f02,EBA15,Tower5
0x06130f03,EBA16,Tower5
0x06170002,EBA17,Tower5
0x06170003,EBA18,Tower5
0x06170302,EBA19,Tower5
0x06170303,EBA20,Tower5
0x06170402,EBA21,Tower5
0x06170403,EBA22,Tower5
0x06170702,EBA23,Tower5
0x06170703,EBA24,Tower5
0x06170802,EBA25,Tower5
0x06170803,EBA26,Tower5
0x06170b02,EBA27,Tower5
0x06170b03,EBA28,Tower5
0x06170c02,EBA29,Tower5
0x06170c03,EBA30,Tower5
0x06170f02,EBA31,Tower5
0x06170f03,EBA32,Tower5
0x061b0002,EBA33,Tower5
0x061b0003,EBA34,Tower5
0x061b0302,EBA35,Tower5
0x061b0303,EBA36,Tower5
0x061b0402,EBA37,Tower5
0x061b0403,EBA38,Tower5
0x061b0702,EBA39,Tower5
0x061b0703,EBA40,Tower5
0x061b0802,EBA41,Tower5
0x061b0803,EBA42,Tower5
0x061b0b02,EBA43,Tower5
0x061b0b03,EBA44,Tower5
0x061b0c02,EBA45,Tower5
0x061b0c03,EBA46,Tower5
0x061b0f02,EBA47,Tower5
0x061b0f03,EBA48,Tower5
0x061f0002,EBA49,Tower5
0x061f0003,EBA50,Tower5
0x061f0302,EBA51,Tower5
0x061f0303,EBA52,Tower5
0x061f0402,EBA53,Tower5
0x061f0403,EBA54,Tower5
0x061f0702,EBA55,Tower5
0x061f0703,EBA56,Tower5
0x061f0802,EBA57,Tower5
0x061f0803,EBA58,Tower5
0x061f0b02,EBA59,Tower5
0x061f0b03,EBA60,Tower5
0x061f0c02,EBA61,Tower5
0x061f0c03,EBA62,Tower5
0x061f0f02,EBA63,Tower5
0x061f0f03,EBA64,Tower5
0x06130100,EBA01,Tower6
0x06130101,EBA02,Tower6
0x06130200,EBA03,Tower6
0x06130201,EBA04,Tower6
0x06130500,EBA05,Tower6
0x06130501,EBA06,Tower6
0x06130600,EBA07,Tower6
0x06130601,EBA08,Tower6
0x06130900,EBA09,Tower6
0x06130901,EBA10,Tower6
0x06130a00,EBA11,Tower6
0x06130a01,EBA12,Tower6
0x06130d00,EBA13,Tower6
0x06130d01,EBA14,Tower6
0x06130e00,EBA15,Tower6
0x06130e01,EBA16,Tower6
0x06170100,EBA17,Tower6
0x06170101,EBA18,Tower6
0x06170200,EBA19,Tower6
0x06170201,EBA20,Tower6
0x06170500,EBA21,Tower6
0x06170501,EBA22,Tower6
0x06170600,EBA23,Tower6
0x06170601,EBA24,Tower6
0x06170900,EBA25,Tower6
0x06170901,EBA26,Tower6
0x06170a00,EBA27,Tower6
0x06170a01,EBA28,Tower6
0x06170d00,EBA29,Tower6
0x06170d01,EBA30,Tower6
0x06170e00,EBA31,Tower6
0x06170e01,EBA32,Tower6
0x061b0100,EBA33,Tower6
0x061b0101,EBA34,Tower6
0x061b0200,EBA35,Tower6
0x061b0201,EBA36,Tower6
0x061b0500,EBA37,Tower6
0x061b0501,EBA38,Tower6
0x061b0600,EBA39,Tower6
0x061b0601,EBA40,Tower6
0x061b0900,EBA41,Tower6
0x061b0901,EBA42,Tower6
0x061b0a00,EBA43,Tower6
0x061b0a01,EBA44,Tower6
0x061b0d00,EBA45,Tower6
0x061b0d01,EBA46,Tower6
0x061b0e00,EBA47,Tower6
0x061b0e01,EBA48,Tower6
0x061f0100,EBA49,Tower6
0x061f0101,EBA50,Tower6
0x061f0200,EBA51,Tower6
0x061f0201,EBA52,Tower6
0x061f0500,EBA53,Tower6
0x061f0501,EBA54,Tower6
0x061f0600,EBA55,Tower6
0x061f0601,EBA56,Tower6
0x061f0900,EBA57,Tower6
0x061f0901,EBA58,Tower6
0x061f0a00,EBA59,Tower6
0x061f0a01,EBA60,Tower6
0x061f0d00,EBA61,Tower6
0x061f0d01,EBA62,Tower6
0x061f0e00,EBA63,Tower6
0x061f0e01,EBA64,Tower6
